{
  "Cycle1": {
    "RMSE": 0.01971712919628741,
    "MAE": 0.014963775873184204,
    "Max_Error": 0.12969288229942322
  },
  "Cycle2": {
    "RMSE": 0.01651877648224126,
    "MAE": 0.011965255253016949,
    "Max_Error": 0.11224070191383362
  },
  "Cycle3": {
    "RMSE": 0.01588157386823927,
    "MAE": 0.011726497672498226,
    "Max_Error": 0.13478076457977295
  },
  "Cycle4": {
    "RMSE": 0.0167751059605168,
    "MAE": 0.011805308051407337,
    "Max_Error": 0.14642271399497986
  },
  "HWFTa": {
    "RMSE": 0.03358181461403239,
    "MAE": 0.030710559338331223,
    "Max_Error": 0.08966639637947083
  },
  "HWFTb": {
    "RMSE": 0.03682582213711926,
    "MAE": 0.034195322543382645,
    "Max_Error": 0.09373646974563599
  },
  "UDDS": {
    "RMSE": 0.012732797768909421,
    "MAE": 0.009656514041125774,
    "Max_Error": 0.11615138500928879
  },
  "NN": {
    "RMSE": 0.014561575907433023,
    "MAE": 0.010063167661428452,
    "Max_Error": 0.1283615231513977
  }
}