{
  "Cycle1": {
    "RMSE": 0.017463725745341815,
    "MAE": 0.012732118368148804,
    "Max_Error": 0.1866879165172577
  },
  "Cycle2": {
    "RMSE": 0.01533756046305351,
    "MAE": 0.010961208492517471,
    "Max_Error": 0.10906249284744263
  },
  "Cycle3": {
    "RMSE": 0.014360179460707648,
    "MAE": 0.010205904021859169,
    "Max_Error": 0.11799642443656921
  },
  "Cycle4": {
    "RMSE": 0.01531924905875146,
    "MAE": 0.010527285747230053,
    "Max_Error": 0.13449609279632568
  },
  "HWFTa": {
    "RMSE": 0.031214132810818893,
    "MAE": 0.027578508481383324,
    "Max_Error": 0.08954155445098877
  },
  "HWFTb": {
    "RMSE": 0.03432129917586934,
    "MAE": 0.03094075620174408,
    "Max_Error": 0.09307786822319031
  },
  "UDDS": {
    "RMSE": 0.012015482557076232,
    "MAE": 0.00984019972383976,
    "Max_Error": 0.09942149370908737
  },
  "NN": {
    "RMSE": 0.013145295118452253,
    "MAE": 0.008784092962741852,
    "Max_Error": 0.10898452997207642
  }
}