{
  "Cycle1": {
    "RMSE": 0.016349892164274467,
    "MAE": 0.011755511164665222,
    "Max_Error": 0.13759881258010864
  },
  "Cycle2": {
    "RMSE": 0.014847919563171812,
    "MAE": 0.010317083448171616,
    "Max_Error": 0.13101845979690552
  },
  "Cycle3": {
    "RMSE": 0.013412548820113399,
    "MAE": 0.009494724683463573,
    "Max_Error": 0.142791748046875
  },
  "Cycle4": {
    "RMSE": 0.014792238655481132,
    "MAE": 0.010424141772091389,
    "Max_Error": 0.14024251699447632
  },
  "HWFTa": {
    "RMSE": 0.027486637491669838,
    "MAE": 0.02381087653338909,
    "Max_Error": 0.08785012364387512
  },
  "HWFTb": {
    "RMSE": 0.030476340088207536,
    "MAE": 0.02709137089550495,
    "Max_Error": 0.09136644005775452
  },
  "UDDS": {
    "RMSE": 0.011604353599287388,
    "MAE": 0.009123492985963821,
    "Max_Error": 0.09616803377866745
  },
  "NN": {
    "RMSE": 0.01350667302586607,
    "MAE": 0.008854647167026997,
    "Max_Error": 0.16081005334854126
  }
}