{
  "Cycle1": {
    "RMSE": 0.018489771930002483,
    "MAE": 0.013682175427675247,
    "Max_Error": 0.1598556637763977
  },
  "Cycle2": {
    "RMSE": 0.014760997070770688,
    "MAE": 0.010576392523944378,
    "Max_Error": 0.128157377243042
  },
  "Cycle3": {
    "RMSE": 0.014802350643643786,
    "MAE": 0.01086392067372799,
    "Max_Error": 0.13637623190879822
  },
  "Cycle4": {
    "RMSE": 0.015248401443952788,
    "MAE": 0.010935774073004723,
    "Max_Error": 0.14329633116722107
  },
  "HWFTa": {
    "RMSE": 0.03155678794771203,
    "MAE": 0.028297608718276024,
    "Max_Error": 0.08508044481277466
  },
  "HWFTb": {
    "RMSE": 0.0347348897066132,
    "MAE": 0.031684696674346924,
    "Max_Error": 0.08883309364318848
  },
  "UDDS": {
    "RMSE": 0.010898402489158153,
    "MAE": 0.0082168597728014,
    "Max_Error": 0.11300507932901382
  },
  "NN": {
    "RMSE": 0.014051574984938574,
    "MAE": 0.009438536129891872,
    "Max_Error": 0.11809736490249634
  }
}