Time,Current_filt,Voltage_filt,Temp_degC_filt,Chamber_Temp_degC_filt,Current_norm,Voltage_norm,Temp_degC_norm,SOC
0.0,0.0,4.16918,25.85486,,0.3655721851201757,1.946049800630921,-1.776557277560745,0.0
3.5930000245571136,0.47121,4.20007,25.64191,,0.6259169634850597,2.0736641010133243,-2.370171460790352,0.0001589268573505868
7.659000903367996,0.0,4.17111,25.85486,,0.3655721851201757,1.9540231123738152,-1.776557277560745,0.0001589268573505868
21.33500799536705,0.0,4.17047,25.85486,0.0,0.3655721851201757,1.951379112624877,-1.776557277560745,0.0001589268573505868
