Time,Current_filt,Voltage_filt,Temp_degC_filt,Chamber_Temp_degC_filt,Current_norm,Voltage_norm,Temp_degC_norm,SOC
0.0,0.0,4.16918,25.85486,,-0.5773502691896258,-0.6595283065896967,0.5773502691896064,0.0
3.5930000245571136,0.47121,4.20007,25.64191,,1.7320508075688772,1.7295457937392185,-1.7320508075688965,0.0001589268573505868
7.659000903367996,0.0,4.17111,25.85486,,-0.5773502691896258,-0.5102595136588389,0.5773502691896064,0.0001589268573505868
21.33500799536705,0.0,4.17047,25.85486,0.0,-0.5773502691896258,-0.55975797349082,0.5773502691896064,0.0001589268573505868
