{
  "Current_filt": {
    "mean": -0.6616659278990675,
    "scale": 1.80994603755632
  },
  "Voltage_filt": {
    "mean": 3.6981240277354788,
    "scale": 0.2420575116380896
  },
  "Temp_degC_filt": {
    "mean": 26.49217272423157,
    "scale": 0.3587346899991965
  }
}