SOC [-],R_in [mOhm]
0.04999655172413786,23.00678
0.09999999999999998,22.71163
0.14999310344827588,22.51827
0.199996551724138,22.32691
0.24999655172413793,22.15588
0.2999931034482759,22.18438
0.3999931034482759,21.84155
0.4999965517241379,21.58656
0.5999931034482758,21.36526
0.699996551724138,21.19151
0.8,21.05978
0.899996551724138,21.02716
0.9499965517241379,21.11902
1.0,21.20159
