Voltage,Current,Ah,Wh,Power,Battery_Temp_degC,Time,Chamber_Temp_degC
4.16918,0.0,0.0,0.0,0.0,25.85486,0.0,
4.20007,0.47121,0.00059,0.00247,1.9791149847000002,25.64191,3.5930000245571136,
4.17111,0.0,0.00059,0.00247,0.0,25.85486,7.659000903367996,
4.17047,0.0,0.00059,,0.0,25.85486,21.33500799536705,0.0
